{"cameraMode":{"drawMode":0,"name":"Shaded","section":"Shading Mode"},"sceneLighting":true,"audioPlay":false,"sceneViewState":{"m_AlwaysRefresh":false,"showFog":true,"showSkybox":true,"showFlares":true,"showImageEffects":true,"showParticleSystems":true,"showVisualEffectGraphs":true,"m_FxEnabled":true},"in2DMode":false,"pivot":{"x":0.28580379486083987,"y":6.194156646728516,"z":-2.8814220428466799},"rotation":{"x":0.45654308795928957,"y":-0.18917618691921235,"z":0.10015077143907547,"w":0.8636472821235657},"size":24.213359832763673,"orthographic":false}