{"cameraMode":{"drawMode":0,"name":"Shaded","section":"Shading Mode"},"sceneLighting":true,"audioPlay":false,"sceneViewState":{"m_AlwaysRefresh":false,"showFog":true,"showSkybox":true,"showFlares":true,"showImageEffects":true,"showParticleSystems":true,"showVisualEffectGraphs":true,"m_FxEnabled":true},"in2DMode":false,"pivot":{"x":17.749601364135743,"y":36.920143127441409,"z":-4.959580421447754},"rotation":{"x":0.4298937916755676,"y":-0.5042405724525452,"z":0.32037633657455447,"w":0.6770928502082825},"size":15.666955947875977,"orthographic":false}