{"cameraMode":{"drawMode":0,"name":"Shaded","section":"Shading Mode"},"sceneLighting":true,"audioPlay":false,"sceneViewState":{"m_AlwaysRefresh":false,"showFog":true,"showSkybox":true,"showFlares":true,"showImageEffects":true,"showParticleSystems":true,"showVisualEffectGraphs":true,"m_FxEnabled":true},"in2DMode":false,"pivot":{"x":-1.3149820566177369,"y":8.367724418640137,"z":-6.949680328369141},"rotation":{"x":0.32717615365982058,"y":0.47661471366882326,"z":-0.19692125916481019,"w":0.7918578386306763},"size":12.124356269836426,"orthographic":false}